An Giang là một tỉnh thuộc vùng đồng bằng sông Cửu Long, Việt Nam.
An Giang là tỉnh thuộc Vùng kinh tế trọng điểm vùng đồng bằng sông Cửu Long.
An Giang là tỉnh có dân số đông nhất vùng đồng bằng sông Cửu Long và là tỉnh đứng thứ 8 cả nước về dân số.
Một phần của An Giang nằm trong vùng tứ giác Long Xuyên.
Sài Gòn là thành phố trực thuộc trung ương và là một đô thị loại đặc biệt của nước Cộng hòa Xã hội chủ nghĩa Việt Nam.
Thành phố Hồ Chí Minh, còn gọi bằng tên cũ phổ biến là Sài Gòn, là thành phố lớn nhất Việt Nam và là một siêu đô thị trong tương lai gần.
Thành phố Hồ Chí Minh là thành phố trực thuộc trung ương thuộc loại đô thị đặc biệt của Việt Nam cùng với thủ đô Hà Nội
Thành phố Hồ Chí Minh năm 2011 chiếm 21,3% tổng sản phẩm (GDP) và 29,38% tổng thu ngân sách của cả Việt Nam
Đại học CNTT là thành viên của Đại học Quốc Gia Tp.HCM.
Hồ Núi Cốc là một hồ nước ngọt nhân tạo tại thành phố Thái Nguyên, tỉnh Thái Nguyên, Việt Nam.
Lễ hội Thánh Trần tổ chức tại Thành phố Hà Nội.
Hà Nội có bún chả ngon và phở bò truyền thống.
Huế được biết đến với bánh bèo, bánh khoái và bún bò Huế.
Nha Trang có bãi biển đẹp và hải sản tươi ngon.
Sapa có cảnh sắc thiên nhiên hùng vĩ và văn hóa đa dạng của các dân tộc thiểu số.
Hạ Long là một trong những kỳ quan thiên nhiên của thế giới, với vô số đảo đá và hang động hấp dẫn.
Phú Quốc có bãi biển trải dài và hải sản tươi ngon, đặc biệt là các loại cá như cá dưa, cá bò da, cá mú.
Tỉnh Ninh Bình nổi tiếng với danh lam thắng cảnh Tam Cốc Bích Động.
Hà Nội nổi tiếng với món phở ngon nhất cả nước.
Vịnh Hạ Long được UNESCO công nhận là di sản thiên nhiên thế giới từ năm 1994.
Bánh mỳ Phượng ở Hội An là một trong những món ăn đường phố nổi tiếng nhất Việt Nam.
Vườn quốc gia Phong Nha-Kẻ Bàng là một trong những khu bảo tồn thiên nhiên quan trọng nhất Đông Nam Á.
Tỉnh Bến Tre nổi tiếng với trái cây ngọt và đặc sản dừa.
Làng gốm Bát Tràng ở Hà Nội là nơi sản xuất gốm sứ nổi tiếng từ hàng trăm năm nay.
Hải Phòng là một trong những cửa khẩu quan trọng nhất của Việt Nam với Trung Quốc.
Tỉnh Khánh Hòa có bờ biển dài và được biết đến với những địa điểm du lịch nổi tiếng như Nha Trang và Đảo Bình Ba.
Làng nghề đúc đồng Thủy Nguyên, Hải Phòng đã tồn tại hơn 300 năm và là nơi sản xuất đồ đồng nổi tiếng của Việt Nam.
Tỉnh Bắc Ninh là nơi sản xuất chính của nón lá Việt Nam, một trong những đặc sản nổi tiếng của đất nước.
Nguyễn Ái Quốc (Hồ Chí Minh) là nhà lãnh đạo của đảng Cộng sản Việt Nam và là cha đẻ của độc lập Việt Nam.
Nhà văn Nam Cao là tác giả của những tác phẩm văn học kinh điển của văn học Việt Nam như "Tô Hoài", "Chí Phèo".
Phan Bội Châu là một trong những nhà cách mạng tiêu biểu của Việt Nam, người đã có đóng góp to lớn vào sự phát triển của đất nước.
Nguyễn Du là một trong những nhà thơ lớn của Việt Nam, tác phẩm "Truyện Kiều" của ông được xem là kiệt tác của văn học Việt Nam.
Trần Hưng Đạo là vị tướng quân của Việt Nam, ông đã có nhiều chiến thắng vang dội trong lịch sử đấu tranh giành độc lập của dân tộc Việt Nam.
Lương Định Của là một nhà khoa học lỗi lạc của Việt Nam, ông đã có đóng góp to lớn vào lĩnh vực vật lý.
Hồ Xuân Hương là một trong những nhà thơ nữ tiêu biểu của Việt Nam, tác phẩm thơ của bà rất nổi tiếng và được đánh giá cao trong nền văn học Việt Nam.
Tôn Đức Thắng là một trong những nhà lãnh đạo lớn của Việt Nam, ông đã có nhiều đóng góp to lớn vào sự phát triển của đất nước trong suốt cuộc đời của mình.
Lê Lợi là vị anh hùng dân tộc của Việt Nam, ông đã có chiến thắng trước quân Minh để giành lại độc lập cho đất nước.
Phạm Ngũ Lão là một nhà tư tưởng, nhà giáo dục và nhà cách mạng của Việt Nam, ông đã có đóng góp to lớn vào sự phát triển của đất nước.
Đàn bầu là một trong những nhạc cụ truyền thống của Việt Nam.
Sáo trúc là một nhạc cụ dân tộc được sử dụng trong nhiều dịp lễ hội ở Việt Nam.
Trống đồng là một loại nhạc cụ đặc trưng của văn hóa và lịch sử Việt Nam.
Đàn tranh là một loại nhạc cụ dây truyền thống của Việt Nam, được sử dụng trong nhiều thể loại âm nhạc khác nhau.
Kèn đồng là một loại nhạc cụ dân tộc Việt Nam, được sử dụng trong các buổi lễ hội và nghi lễ tôn giáo.
Đàn nguyệt là một loại nhạc cụ dân tộc Việt Nam, có hình dáng giống với vầng trăng và tạo ra âm thanh đặc biệt.
Trống chiêng là một loại nhạc cụ truyền thống của các dân tộc miền núi Việt Nam.
Đàn tam thập lục là một loại nhạc cụ dân tộc Việt Nam, có 36 dây và được sử dụng trong nhiều dịp lễ hội.
Sáo bầu là một loại nhạc cụ dân tộc Việt Nam, có hình dáng giống với cây sáo nhưng được thêm vào một bầu để tạo ra âm thanh đặc biệt.
Đàn đáy là một loại nhạc cụ dân tộc Việt Nam, có hình dáng giống với cây đàn guitar và được sử dụng trong nhiều thể loại âm nhạc khác nhau.
Hồ Gươm là một trong những địa danh du lịch nổi tiếng của Hà Nội, Việt Nam.
Bà Nà Hills là một khu du lịch nổi tiếng tại Đà Nẵng, Việt Nam, với kiến trúc pha trộn giữa cổ điển và hiện đại.